{
    "10": {
        "all_features": {
            "train_loss": 0.9633029225308188,
            "val_loss": 0.43991733340688816
        },
        "5_features": {
            "train_loss": 0.9667465907763908,
            "val_loss": 0.41991929412672085
        },
        "10_features": {
            "train_loss": 0.969405449932708,
            "val_loss": 0.44556224544690837
        },
        "15_features": {
            "train_loss": 0.960778580041384,
            "val_loss": 0.4463884369271544
        },
        "20_features": {
            "train_loss": 0.959254042108715,
            "val_loss": 0.44209573300822363
        }
    },
    "25": {
        "all_features": {
            "train_loss": 0.9828837172573629,
            "val_loss": 0.4304219100239926
        },
        "5_features": {
            "train_loss": 0.9870718484496444,
            "val_loss": 0.431097147625987
        },
        "10_features": {
            "train_loss": 0.9894516732495712,
            "val_loss": 0.4210070154950884
        },
        "15_features": {
            "train_loss": 0.9824769958399598,
            "val_loss": 0.4383427887943506
        },
        "20_features": {
            "train_loss": 0.9815820910111805,
            "val_loss": 0.43994694244295957
        }
    },
    "50": {
        "all_features": {
            "train_loss": 0.9826149254592851,
            "val_loss": 0.43670473330406834
        },
        "5_features": {
            "train_loss": 0.9860569779434798,
            "val_loss": 0.4243696038862275
        },
        "10_features": {
            "train_loss": 0.9825531090480857,
            "val_loss": 0.41912919487227757
        },
        "15_features": {
            "train_loss": 0.9817561732979372,
            "val_loss": 0.4488813832273394
        },
        "20_features": {
            "train_loss": 0.9884039535888318,
            "val_loss": 0.4340266203986675
        }
    },
    "100": {
        "all_features": {
            "train_loss": 0.9781365534970496,
            "val_loss": 0.43426916872447285
        },
        "5_features": {
            "train_loss": 0.9757598600670059,
            "val_loss": 0.4302982818301532
        },
        "10_features": {
            "train_loss": 0.9780172199324232,
            "val_loss": 0.43177707821393346
        },
        "15_features": {
            "train_loss": 0.9781481247109436,
            "val_loss": 0.4414078697873911
        },
        "20_features": {
            "train_loss": 0.9693685085409632,
            "val_loss": 0.4373790803187881
        }
    },
    "200": {
        "all_features": {
            "train_loss": 0.9713726972269957,
            "val_loss": 0.43369574196407396
        },
        "5_features": {
            "train_loss": 0.9696435392518747,
            "val_loss": 0.436095516816063
        },
        "10_features": {
            "train_loss": 0.9713629838469835,
            "val_loss": 0.4307360731680404
        },
        "15_features": {
            "train_loss": 0.9616316417481761,
            "val_loss": 0.4488970750140024
        },
        "20_features": {
            "train_loss": 0.9656146397806824,
            "val_loss": 0.4365415308927656
        }
    },
    "500": {
        "all_features": {
            "train_loss": 0.9600839683883508,
            "val_loss": 0.4335063333167387
        },
        "5_features": {
            "train_loss": 0.9592023590463942,
            "val_loss": 0.4352555302288272
        },
        "10_features": {
            "train_loss": 0.9661562366937733,
            "val_loss": 0.4276305460764607
        },
        "15_features": {
            "train_loss": 0.9628599767608466,
            "val_loss": 0.4394677206629026
        },
        "20_features": {
            "train_loss": 0.9561807789388289,
            "val_loss": 0.43449452028227226
        }
    }
}