{
    "1": {
        "all_features": {
            "train_loss": 0.4953659618992829,
            "val_loss": 0.49187539552075366
        },
        "5_features": {
            "train_loss": 0.48904158718018076,
            "val_loss": 0.48721648169475074
        },
        "10_features": {
            "train_loss": 0.5013926435010658,
            "val_loss": 0.5108199691259443
        },
        "15_features": {
            "train_loss": 0.46799205554592904,
            "val_loss": 0.47669642358413267
        },
        "20_features": {
            "train_loss": 0.5141536097842463,
            "val_loss": 0.5185582261315415
        }
    },
    "3": {
        "all_features": {
            "train_loss": 0.4953815315913128,
            "val_loss": 0.4919583807149988
        },
        "5_features": {
            "train_loss": 0.5208782896328411,
            "val_loss": 0.52531470076295
        },
        "10_features": {
            "train_loss": 0.5288156051173822,
            "val_loss": 0.5239090825807926
        },
        "15_features": {
            "train_loss": 0.49930838232069213,
            "val_loss": 0.49548788332724814
        },
        "20_features": {
            "train_loss": 0.49866114545392753,
            "val_loss": 0.49468251325303164
        }
    },
    "5": {
        "all_features": {
            "train_loss": 0.4947128413516154,
            "val_loss": 0.49034948633850606
        },
        "5_features": {
            "train_loss": 0.5035699936683402,
            "val_loss": 0.4998453991566536
        },
        "10_features": {
            "train_loss": 0.5048450269803484,
            "val_loss": 0.4971935030243969
        },
        "15_features": {
            "train_loss": 0.5016012591836643,
            "val_loss": 0.49709159496243077
        },
        "20_features": {
            "train_loss": 0.5001430402019286,
            "val_loss": 0.4958399488324469
        }
    },
    "7": {
        "all_features": {
            "train_loss": 0.5089475583273629,
            "val_loss": 0.4965598914604027
        },
        "5_features": {
            "train_loss": 0.5091597309486166,
            "val_loss": 0.5013766268186034
        },
        "10_features": {
            "train_loss": 0.5130275602161138,
            "val_loss": 0.5056052206161736
        },
        "15_features": {
            "train_loss": 0.49734911623128303,
            "val_loss": 0.48769412752542535
        },
        "20_features": {
            "train_loss": 0.5025472070503828,
            "val_loss": 0.4927642156396903
        }
    },
    "8": {
        "all_features": {
            "train_loss": 0.5797346978005944,
            "val_loss": 0.5152835453097411
        },
        "5_features": {
            "train_loss": 0.5135117891464231,
            "val_loss": 0.49884828521388497
        },
        "10_features": {
            "train_loss": 0.5286731089141851,
            "val_loss": 0.5055692238050999
        },
        "15_features": {
            "train_loss": 0.5255503309866719,
            "val_loss": 0.5021710914677806
        },
        "20_features": {
            "train_loss": 0.548585226893294,
            "val_loss": 0.5144345693357957
        }
    },
    "9": {
        "all_features": {
            "train_loss": 0.5938930482134755,
            "val_loss": 0.4859994022898719
        },
        "5_features": {
            "train_loss": 0.5376448844938639,
            "val_loss": 0.5033169793782467
        },
        "10_features": {
            "train_loss": 0.569396686483876,
            "val_loss": 0.5046605809434573
        },
        "15_features": {
            "train_loss": 0.5534511698974227,
            "val_loss": 0.5020260115911955
        },
        "20_features": {
            "train_loss": 0.586071058688174,
            "val_loss": 0.5052000327060802
        }
    },
    "10": {
        "all_features": {
            "train_loss": 0.6208492816831793,
            "val_loss": 0.4895150720022905
        },
        "5_features": {
            "train_loss": 0.5714516837648267,
            "val_loss": 0.502320081854277
        },
        "10_features": {
            "train_loss": 0.6030473465215165,
            "val_loss": 0.5024000073343059
        },
        "15_features": {
            "train_loss": 0.6261861039884844,
            "val_loss": 0.4930457262670403
        },
        "20_features": {
            "train_loss": 0.6238911770856893,
            "val_loss": 0.512356045662074
        }
    },
    "11": {
        "all_features": {
            "train_loss": 0.6506636605160404,
            "val_loss": 0.48276952779664634
        },
        "5_features": {
            "train_loss": 0.625290991158598,
            "val_loss": 0.5116181836719922
        },
        "10_features": {
            "train_loss": 0.6491956340482894,
            "val_loss": 0.4981659300795341
        },
        "15_features": {
            "train_loss": 0.6577538237772094,
            "val_loss": 0.5006405035327853
        },
        "20_features": {
            "train_loss": 0.6631807783927566,
            "val_loss": 0.4921205728446677
        }
    },
    "12": {
        "all_features": {
            "train_loss": 0.6767869834578006,
            "val_loss": 0.4684756683679502
        },
        "5_features": {
            "train_loss": 0.6622618127477872,
            "val_loss": 0.49233010254572585
        },
        "10_features": {
            "train_loss": 0.6925285970174643,
            "val_loss": 0.49754273414198397
        },
        "15_features": {
            "train_loss": 0.6882219286169983,
            "val_loss": 0.4968515322292391
        },
        "20_features": {
            "train_loss": 0.6791645998162674,
            "val_loss": 0.48509293780577584
        }
    },
    "13": {
        "all_features": {
            "train_loss": 0.6938652730590829,
            "val_loss": 0.4700674770067387
        },
        "5_features": {
            "train_loss": 0.7168656545752377,
            "val_loss": 0.4848820392910542
        },
        "10_features": {
            "train_loss": 0.7294827168183912,
            "val_loss": 0.4913173221220498
        },
        "15_features": {
            "train_loss": 0.7286845698558327,
            "val_loss": 0.4739353160647435
        },
        "20_features": {
            "train_loss": 0.7337621558590753,
            "val_loss": 0.4557885516179908
        }
    }
}