{
    "all_features": {
        "train_loss": 0.600126780534283,
        "val_loss": 0.4896728646576039
    },
    "5_features": {
        "train_loss": 0.5866452138579867,
        "val_loss": 0.48089990293378887
    },
    "10_features": {
        "train_loss": 0.5883037848271875,
        "val_loss": 0.4933327121532689
    },
    "15_features": {
        "train_loss": 0.5896119580049509,
        "val_loss": 0.4806257929082329
    },
    "20_features": {
        "train_loss": 0.5867458024722327,
        "val_loss": 0.47811223542848175
    }
}