{
    "1": {
        "all_features": {
            "train_loss": 1.0,
            "val_loss": 0.44785027535940675
        },
        "5_features": {
            "train_loss": 0.992010699588504,
            "val_loss": 0.440568602247327
        },
        "10_features": {
            "train_loss": 0.9992957589350423,
            "val_loss": 0.4420011840388026
        },
        "15_features": {
            "train_loss": 1.0,
            "val_loss": 0.43038676871879195
        },
        "20_features": {
            "train_loss": 1.0,
            "val_loss": 0.44234254600166695
        }
    },
    "2": {
        "all_features": {
            "train_loss": 0.7437920963876048,
            "val_loss": 0.4753599206285464
        },
        "5_features": {
            "train_loss": 0.7289038877122309,
            "val_loss": 0.4591807105933918
        },
        "10_features": {
            "train_loss": 0.7304603371567909,
            "val_loss": 0.4644118871617088
        },
        "15_features": {
            "train_loss": 0.7364166781264663,
            "val_loss": 0.4582303503920166
        },
        "20_features": {
            "train_loss": 0.7344017004198994,
            "val_loss": 0.46363907742030624
        }
    },
    "3": {
        "all_features": {
            "train_loss": 0.6607959007943012,
            "val_loss": 0.4857940957764151
        },
        "5_features": {
            "train_loss": 0.6495316982203267,
            "val_loss": 0.4639386251119899
        },
        "10_features": {
            "train_loss": 0.650586165971965,
            "val_loss": 0.47526493797789143
        },
        "15_features": {
            "train_loss": 0.6498740057077825,
            "val_loss": 0.4667312517802577
        },
        "20_features": {
            "train_loss": 0.6532694502002852,
            "val_loss": 0.47907928741281613
        }
    },
    "4": {
        "all_features": {
            "train_loss": 0.6237285471403048,
            "val_loss": 0.4925739622012405
        },
        "5_features": {
            "train_loss": 0.6079999436169612,
            "val_loss": 0.4769456883552422
        },
        "10_features": {
            "train_loss": 0.6142969025210033,
            "val_loss": 0.481825206890272
        },
        "15_features": {
            "train_loss": 0.6106680055076541,
            "val_loss": 0.46736993923635567
        },
        "20_features": {
            "train_loss": 0.610100283904158,
            "val_loss": 0.47852481445764355
        }
    },
    "5": {
        "all_features": {
            "train_loss": 0.600126780534283,
            "val_loss": 0.4896728646576039
        },
        "5_features": {
            "train_loss": 0.5866452138579867,
            "val_loss": 0.48089990293378887
        },
        "10_features": {
            "train_loss": 0.5883037848271875,
            "val_loss": 0.4933327121532689
        },
        "15_features": {
            "train_loss": 0.5896119580049509,
            "val_loss": 0.4806257929082329
        },
        "20_features": {
            "train_loss": 0.5867458024722327,
            "val_loss": 0.47811223542848175
        }
    },
    "6": {
        "all_features": {
            "train_loss": 0.5864936685290434,
            "val_loss": 0.48857925770007954
        },
        "5_features": {
            "train_loss": 0.5708869702936294,
            "val_loss": 0.4857994533987132
        },
        "10_features": {
            "train_loss": 0.576660102728143,
            "val_loss": 0.4941815685586981
        },
        "15_features": {
            "train_loss": 0.5713435818722532,
            "val_loss": 0.4808134663340794
        },
        "20_features": {
            "train_loss": 0.5711627612018794,
            "val_loss": 0.4874327233873042
        }
    },
    "7": {
        "all_features": {
            "train_loss": 0.5755438546457571,
            "val_loss": 0.4940245830118752
        },
        "5_features": {
            "train_loss": 0.5643430421294853,
            "val_loss": 0.48832221774963624
        },
        "10_features": {
            "train_loss": 0.5628489254758922,
            "val_loss": 0.49768546423430665
        },
        "15_features": {
            "train_loss": 0.5612265176490453,
            "val_loss": 0.4854310694692357
        },
        "20_features": {
            "train_loss": 0.5572490754782399,
            "val_loss": 0.4877845263353132
        }
    },
    "8": {
        "all_features": {
            "train_loss": 0.5659237267042528,
            "val_loss": 0.4971054451461225
        },
        "5_features": {
            "train_loss": 0.5531181880072095,
            "val_loss": 0.4901565824298933
        },
        "10_features": {
            "train_loss": 0.5529055958359484,
            "val_loss": 0.49581921429179965
        },
        "15_features": {
            "train_loss": 0.5546946963190631,
            "val_loss": 0.4869223109300047
        },
        "20_features": {
            "train_loss": 0.5508324594520077,
            "val_loss": 0.4839839330177084
        }
    },
    "9": {
        "all_features": {
            "train_loss": 0.5545555662562908,
            "val_loss": 0.48907351204251737
        },
        "5_features": {
            "train_loss": 0.5468353833133011,
            "val_loss": 0.4908743954520977
        },
        "10_features": {
            "train_loss": 0.5487062823848577,
            "val_loss": 0.49564060888888073
        },
        "15_features": {
            "train_loss": 0.5472951534877603,
            "val_loss": 0.4924628234611074
        },
        "20_features": {
            "train_loss": 0.5439595066620423,
            "val_loss": 0.4872233430370795
        }
    },
    "10": {
        "all_features": {
            "train_loss": 0.5490178353906656,
            "val_loss": 0.49588723310193095
        },
        "5_features": {
            "train_loss": 0.5428269786894647,
            "val_loss": 0.4969068247702809
        },
        "10_features": {
            "train_loss": 0.5378619876161996,
            "val_loss": 0.49494310681576964
        },
        "15_features": {
            "train_loss": 0.5428145979099,
            "val_loss": 0.4905134631339937
        },
        "20_features": {
            "train_loss": 0.5383406562732792,
            "val_loss": 0.48265977031770657
        }
    },
    "11": {
        "all_features": {
            "train_loss": 0.5421857780181971,
            "val_loss": 0.4959567988600592
        },
        "5_features": {
            "train_loss": 0.536473219419461,
            "val_loss": 0.49202463164175675
        },
        "10_features": {
            "train_loss": 0.5333467058485215,
            "val_loss": 0.49520268427405867
        },
        "15_features": {
            "train_loss": 0.5398673151125315,
            "val_loss": 0.4929380742600113
        },
        "20_features": {
            "train_loss": 0.5330228879740156,
            "val_loss": 0.4823253373593316
        }
    },
    "12": {
        "all_features": {
            "train_loss": 0.5363223386964748,
            "val_loss": 0.49674191161529835
        },
        "5_features": {
            "train_loss": 0.5318564775275341,
            "val_loss": 0.49068316773349124
        },
        "10_features": {
            "train_loss": 0.5325081163978099,
            "val_loss": 0.49496453720648287
        },
        "15_features": {
            "train_loss": 0.5362319220593764,
            "val_loss": 0.5019996520352744
        },
        "20_features": {
            "train_loss": 0.531387416065504,
            "val_loss": 0.47841913594408725
        }
    },
    "13": {
        "all_features": {
            "train_loss": 0.5350022402084573,
            "val_loss": 0.49859006741722084
        },
        "5_features": {
            "train_loss": 0.5267675147422914,
            "val_loss": 0.4882210837777747
        },