{
    "all_features": {
        "train_loss": 0.48703152074351913,
        "val_loss": 0.4852148183921447
    },
    "5_features": {
        "train_loss": 0.4674795854678221,
        "val_loss": 0.47682709469198103
    },
    "10_features": {
        "train_loss": 0.47030018201363644,
        "val_loss": 0.4809894754883641
    },
    "15_features": {
        "train_loss": 0.4765526058980814,
        "val_loss": 0.4842590050534578
    },
    "20_features": {
        "train_loss": 0.4757840355632172,
        "val_loss": 0.4846696619547118
    }
}