{
    "8": {
        "all_features": {
            "train_loss": 0.0,
            "val_loss": 0.0
        },
        "5_features": {
            "train_loss": 0.45249823154957725,
            "val_loss": 0.4590033499037098
        },
        "10_features": {
            "train_loss": 0.0,
            "val_loss": 0.0
        },
        "15_features": {
            "train_loss": 0.0,
            "val_loss": 0.0
        },
        "20_features": {
            "train_loss": 0.4480044487031684,
            "val_loss": 0.44961334854959706
        }
    },
    "16": {
        "all_features": {
            "train_loss": 0.48035170754531276,
            "val_loss": 0.4785980921099292
        },
        "5_features": {
            "train_loss": 0.45552348789141794,
            "val_loss": 0.4633844259630213
        },
        "10_features": {
            "train_loss": 0.4614634689494091,
            "val_loss": 0.4669369903908383
        },
        "15_features": {
            "train_loss": 0.46278675994571267,
            "val_loss": 0.4704713661652408
        },
        "20_features": {
            "train_loss": 0.4678199739188665,
            "val_loss": 0.47300809728087845
        }
    },
    "32": {
        "all_features": {
            "train_loss": 0.48127764712520343,
            "val_loss": 0.4794518511045264
        },
        "5_features": {
            "train_loss": 0.45976048057768193,
            "val_loss": 0.4669410923313939
        },
        "10_features": {
            "train_loss": 0.4625136562762023,
            "val_loss": 0.4687917879289909
        },
        "15_features": {
            "train_loss": 0.46847958754854974,
            "val_loss": 0.47548948041104944
        },
        "20_features": {
            "train_loss": 0.47070384984153885,
            "val_loss": 0.4744707197990549
        }
    },
    "64": {
        "all_features": {
            "train_loss": 0.4915195065825436,
            "val_loss": 0.4914257347335572
        },
        "5_features": {
            "train_loss": 0.465221798832,
            "val_loss": 0.47277788495547457
        },
        "10_features": {
            "train_loss": 0.46857592362676187,
            "val_loss": 0.4747200175616038
        },
        "15_features": {
            "train_loss": 0.4746990282454963,
            "val_loss": 0.48091267495996576
        },
        "20_features": {
            "train_loss": 0.4743449191276678,
            "val_loss": 0.4758183510841758
        }
    },
    "128": {
        "all_features": {
            "train_loss": 0.5012499673991027,
            "val_loss": 0.48996469192775666
        },
        "5_features": {
            "train_loss": 0.4657903826543709,
            "val_loss": 0.47315171740428136
        },
        "10_features": {
            "train_loss": 0.4688890943163547,
            "val_loss": 0.47618125522724725
        },
        "15_features": {
            "train_loss": 0.4831066539003858,
            "val_loss": 0.48814477485810864
        },
        "20_features": {
            "train_loss": 0.47885316851057513,
            "val_loss": 0.47639676197039155
        }
    },
    "256": {
        "all_features": {
            "train_loss": 0.5064372980267022,
            "val_loss": 0.48763653396123074
        },
        "5_features": {
            "train_loss": 0.4756222784409594,
            "val_loss": 0.4800345647110761
        },
        "10_features": {
            "train_loss": 0.46818384184272704,
            "val_loss": 0.4724897392294505
        },
        "15_features": {
            "train_loss": 0.4747406934808595,
            "val_loss": 0.4795945313544908
        },
        "20_features": {
            "train_loss": 0.4784253958068554,
            "val_loss": 0.4739945932840209
        }
    },
    "512": {
        "all_features": {
            "train_loss": 0.5441279700410329,
            "val_loss": 0.4959044060001185
        },
        "5_features": {
            "train_loss": 0.4766189031534566,
            "val_loss": 0.4811903126077971
        },
        "10_features": {
            "train_loss": 0.48197347637004595,
            "val_loss": 0.48961622395713816
        },
        "15_features": {
            "train_loss": 0.4897246171441233,
            "val_loss": 0.4925623813318338
        },
        "20_features": {
            "train_loss": 0.49860327132026666,
            "val_loss": 0.48995832806702966
        }
    },
    "1024": {
        "all_features": {
            "train_loss": 0.5905614201134468,
            "val_loss": 0.49716272671749584
        },
        "5_features": {
            "train_loss": 0.4894449832422305,
            "val_loss": 0.49243563339055485
        },
        "10_features": {
            "train_loss": 0.480930914368901,
            "val_loss": 0.4853659450586898
        },
        "15_features": {
            "train_loss": 0.5472698425152976,
            "val_loss": 0.531128670073306
        },
        "20_features": {
            "train_loss": 0.5189755511010865,
            "val_loss": 0.498634487465804
        }
    }
}