{
    "1": {
        "all_features": {
            "train_loss": 1.0,
            "val_loss": 0.4436212312591408
        },
        "5_features": {
            "train_loss": 0.9999759057176143,
            "val_loss": 0.43669950764708
        },
        "10_features": {
            "train_loss": 1.0,
            "val_loss": 0.436160306083791
        },
        "15_features": {
            "train_loss": 1.0,
            "val_loss": 0.43309354020826024
        },
        "20_features": {
            "train_loss": 1.0,
            "val_loss": 0.44955583263421334
        }
    },
    "2": {
        "all_features": {
            "train_loss": 0.7416182933986463,
            "val_loss": 0.4689299545777757
        },
        "5_features": {
            "train_loss": 0.7279578009508907,
            "val_loss": 0.46238459804300897
        },
        "10_features": {
            "train_loss": 0.7329641784656834,
            "val_loss": 0.46020689281733596
        },
        "15_features": {
            "train_loss": 0.7348562485097501,
            "val_loss": 0.4562178571544149
        },
        "20_features": {
            "train_loss": 0.7336727365425778,
            "val_loss": 0.4716852696565877
        }
    },
    "3": {
        "all_features": {
            "train_loss": 0.6558000437400764,
            "val_loss": 0.4760839476984115
        },
        "5_features": {
            "train_loss": 0.6478090804319085,
            "val_loss": 0.4682097654615445
        },
        "10_features": {
            "train_loss": 0.6481368583993345,
            "val_loss": 0.4839557551740925
        },
        "15_features": {
            "train_loss": 0.6501697362898382,
            "val_loss": 0.46782563967486335
        },
        "20_features": {
            "train_loss": 0.6487803321012392,
            "val_loss": 0.47547815590578907
        }
    },
    "4": {
        "all_features": {
            "train_loss": 0.6134245110341361,
            "val_loss": 0.48075900305890745
        },
        "5_features": {
            "train_loss": 0.6102877616873632,
            "val_loss": 0.4748468323270611
        },
        "10_features": {
            "train_loss": 0.6162659861745958,
            "val_loss": 0.48383938445455066
        },
        "15_features": {
            "train_loss": 0.6118765518284279,
            "val_loss": 0.4716331745541792
        },
        "20_features": {
            "train_loss": 0.6104703398889514,
            "val_loss": 0.4736658513249246
        }
    },
    "5": {
        "all_features": {
            "train_loss": 0.594336133750304,
            "val_loss": 0.4737862029045074
        },
        "5_features": {
            "train_loss": 0.5881500444700382,
            "val_loss": 0.4818419535989681
        },
        "10_features": {
            "train_loss": 0.5881679626293765,
            "val_loss": 0.486336484943937
        },
        "15_features": {
            "train_loss": 0.5902184034120415,
            "val_loss": 0.4798178519118419
        },
        "20_features": {
            "train_loss": 0.5863390248634185,
            "val_loss": 0.4815156133964315
        }
    },
    "6": {
        "all_features": {
            "train_loss": 0.5791675341255574,
            "val_loss": 0.48195019558618296
        },
        "5_features": {
            "train_loss": 0.572772381081628,
            "val_loss": 0.48613404667444055
        },
        "10_features": {
            "train_loss": 0.5733589700995273,
            "val_loss": 0.48678084378801556
        },
        "15_features": {
            "train_loss": 0.5726565036497353,
            "val_loss": 0.4872432904667534
        },
        "20_features": {
            "train_loss": 0.5675797322441559,
            "val_loss": 0.4844683620035044
        }
    },
    "7": {
        "all_features": {
            "train_loss": 0.5708386716035774,
            "val_loss": 0.49037069248411447
        },
        "5_features": {
            "train_loss": 0.5648142885164151,
            "val_loss": 0.49243999071703976
        },
        "10_features": {
            "train_loss": 0.5656935197343034,
            "val_loss": 0.49356475474450945
        },
        "15_features": {
            "train_loss": 0.5596517958860521,
            "val_loss": 0.4885715047658937
        },
        "20_features": {
            "train_loss": 0.5533469870599002,
            "val_loss": 0.4851464633055755
        }
    },
    "8": {
        "all_features": {
            "train_loss": 0.5610527791140871,
            "val_loss": 0.4953974042147436
        },
        "5_features": {
            "train_loss": 0.5548949625452,
            "val_loss": 0.49296564486147754
        },
        "10_features": {
            "train_loss": 0.5542995023657163,
            "val_loss": 0.4979898052296428
        },
        "15_features": {
            "train_loss": 0.553732794925855,
            "val_loss": 0.4911130696273933
        },
        "20_features": {
            "train_loss": 0.5456577356869616,
            "val_loss": 0.4853906612382614
        }
    },
    "9": {
        "all_features": {
            "train_loss": 0.5495654273983418,
            "val_loss": 0.4957291289431534
        },
        "5_features": {
            "train_loss": 0.5485008649176509,
            "val_loss": 0.48754951708518435
        },
        "10_features": {
            "train_loss": 0.5460572997882811,
            "val_loss": 0.49069976776218593
        },
        "15_features": {
            "train_loss": 0.5470769341051259,
            "val_loss": 0.49421970129454695
        },
        "20_features": {
            "train_loss": 0.5438814402878904,
            "val_loss": 0.4826458582641339
        }
    },
    "10": {
        "all_features": {
            "train_loss": 0.5447065392839828,
            "val_loss": 0.4923363479343217
        },
        "5_features": {
            "train_loss": 0.5429075008933193,
            "val_loss": 0.4922832164510051
        },
        "10_features": {
            "train_loss": 0.5388887755903264,
            "val_loss": 0.4919171462709426
        },
        "15_features": {
            "train_loss": 0.5395269101450578,
            "val_loss": 0.490404677529223
        },
        "20_features": {
            "train_loss": 0.5341821446404159,
            "val_loss": 0.47339748567627626
        }
    },
    "11": {
        "all_features": {
            "train_loss": 0.5387827748802295,
            "val_loss": 0.48895815243732893
        },
        "5_features": {
            "train_loss": 0.5369003467607819,
            "val_loss": 0.4946468960751431
        },
        "10_features": {
            "train_loss": 0.535718095214461,
            "val_loss": 0.49820867408570296
        },
        "15_features": {
            "train_loss": 0.5368536360169525,
            "val_loss": 0.4896994699563192
        },
        "20_features": {
            "train_loss": 0.5281331740629758,
            "val_loss": 0.4729655361215873
        }
    },
    "12": {
        "all_features": {
            "train_loss": 0.5362502546525804,
            "val_loss": 0.4904706517481334
        },
        "5_features": {
            "train_loss": 0.5300526398782281,
            "val_loss": 0.49427329669955145
        },
        "10_features": {
            "train_loss": 0.5320024185364568,
            "val_loss": 0.49924908390924616
        },
        "15_features": {
            "train_loss": 0.5344045356204791,
            "val_loss": 0.49101470693728394
        },
        "20_features": {
            "train_loss": 0.5268438155345255,
            "val_loss": 0.4816163719868858
        }
    },
    "13": {
        "all_features": {
            "train_loss": 0.5340447755049573,
            "val_loss": 0.49512517723527666
        },
        "5_features": {
            "train_loss": 0.5254785170778247,
            "val_loss": 0.4879802756928103
        },
        "10_features": {
            "train_loss": 0.5267540328863255,